log_id,driver_id,trip_id,timestamp,cumulative_earnings,elapsed_hours,trips_completed,current_velocity,required_velocity,velocity_delta,avg_earning_per_trip,est_trips_remaining,forecast_status
VEL_F27B4432,DRV_ALEX,TRIP_001,2024-10-25 08:30:00,20.0,0.5,1,40.0,197.33,-157.33,20.0,74,behind
VEL_C51090AF,DRV_ALEX,TRIP_002,2024-10-25 09:25:00,70.0,1.42,2,49.41,217.22,-167.8,35.0,41,behind
VEL_B9A2CA1C,DRV_ALEX,TRIP_003,2024-10-25 10:25:00,130.0,2.42,3,53.79,245.37,-191.58,43.33,32,behind
VEL_3E158459,DRV_ALEX,TRIP_004,2024-10-25 11:00:00,280.0,3.0,4,93.33,244.0,-150.67,70.0,18,behind
VEL_5546FD54,DRV_ALEX,TRIP_005,2024-10-25 11:40:00,460.0,3.67,5,125.45,240.0,-114.55,92.0,12,behind
VEL_EE8D3D9C,DRV_ALEX,TRIP_006,2024-10-25 12:10:00,550.0,4.17,6,132.0,247.83,-115.83,91.67,11,behind
VEL_91FAE439,DRV_ALEX,TRIP_007,2024-10-25 12:35:00,630.0,4.58,7,137.45,254.63,-117.18,90.0,10,behind
VEL_E74375F4,DRV_ALEX,TRIP_008,2024-10-25 13:25:00,1280.0,5.42,8,236.31,85.16,151.15,160.0,2,ahead
VEL_34DFF6CC,DRV_ALEX,TRIP_009,2024-10-25 14:25:00,1530.0,6.42,9,238.44,0.0,238.44,170.0,0,achieved
